contradiction	All cars are costly.	Toyota don't are costly.
contradiction	All colors are available.	red don't are available.
contradiction	All fruits are healthy.	peach don't are healthy.
contradiction	All mammals give birth to young ones.	elephant don't give birth to young ones.
contradiction	All cars are costly.	Ferrari don't are costly.
contradiction	All colors are available.	red don't are available.
contradiction	All colors are available.	crimson don't are available.
contradiction	All colors are available.	white don't are available.
contradiction	All cars are costly.	Renault don't are costly.
contradiction	All cars are costly.	Toyota don't are costly.
contradiction	All fruits are healthy.	peach don't are healthy.
contradiction	All cars are costly.	Rolls Royce don't are costly.
contradiction	All cars are costly.	Toyota don't are costly.
contradiction	All fruits are healthy.	cherry don't are healthy.
contradiction	All colors are available.	black don't are available.
contradiction	All mammals give birth to young ones.	rabbit don't give birth to young ones.
contradiction	All colors are available.	grey don't are available.
contradiction	All colors are available.	pink don't are available.
contradiction	All colors are available.	pink don't are available.
contradiction	All cars are costly.	Benz don't are costly.
contradiction	All cars are costly.	Rolls Royce don't are costly.
contradiction	All mammals give birth to young ones.	bat don't give birth to young ones.
contradiction	All mammals give birth to young ones.	bat don't give birth to young ones.
contradiction	All cars are costly.	BMW don't are costly.
contradiction	All mammals give birth to young ones.	rabbit don't give birth to young ones.
contradiction	All fruits are healthy.	cherry don't are healthy.
contradiction	All mammals give birth to young ones.	rabbit don't give birth to young ones.
contradiction	All colors are available.	blue don't are available.
contradiction	All colors are available.	yellow don't are available.
contradiction	All cars are costly.	Fiat don't are costly.
contradiction	All cars are costly.	Benz don't are costly.
contradiction	All fruits are healthy.	peach don't are healthy.
contradiction	All mammals give birth to young ones.	dolphin don't give birth to young ones.
contradiction	All cars are costly.	BMW don't are costly.
contradiction	All colors are available.	yellow don't are available.
contradiction	All colors are available.	black don't are available.
contradiction	All colors are available.	crimson don't are available.
contradiction	All colors are available.	crimson don't are available.
contradiction	All mammals give birth to young ones.	cow don't give birth to young ones.
contradiction	All colors are available.	red don't are available.
contradiction	All colors are available.	red don't are available.
contradiction	All mammals give birth to young ones.	dolphin don't give birth to young ones.
contradiction	All colors are available.	black don't are available.
contradiction	All mammals give birth to young ones.	elephant don't give birth to young ones.
contradiction	All colors are available.	red don't are available.
contradiction	All mammals give birth to young ones.	elephant don't give birth to young ones.
contradiction	All mammals give birth to young ones.	elephant don't give birth to young ones.
contradiction	All mammals give birth to young ones.	elephant don't give birth to young ones.
contradiction	All mammals give birth to young ones.	bat don't give birth to young ones.
contradiction	All cars are costly.	Toyota don't are costly.
contradiction	All colors are available.	yellow don't are available.
contradiction	All fruits are healthy.	peach don't are healthy.
contradiction	All colors are available.	green don't are available.
contradiction	All mammals give birth to young ones.	bat don't give birth to young ones.
contradiction	All colors are available.	purple don't are available.
contradiction	All fruits are healthy.	apple don't are healthy.
contradiction	All fruits are healthy.	apple don't are healthy.
contradiction	All cars are costly.	Rolls Royce don't are costly.
contradiction	All cars are costly.	Renault don't are costly.
contradiction	All cars are costly.	Toyota don't are costly.
contradiction	All mammals give birth to young ones.	cow don't give birth to young ones.
contradiction	All mammals give birth to young ones.	kangaroo don't give birth to young ones.
contradiction	All colors are available.	pink don't are available.
contradiction	All colors are available.	purple don't are available.
contradiction	All colors are available.	blue don't are available.
contradiction	All fruits are healthy.	cherry don't are healthy.
contradiction	All cars are costly.	BMW don't are costly.
contradiction	All fruits are healthy.	mango don't are healthy.
contradiction	All colors are available.	crimson don't are available.
contradiction	All fruits are healthy.	banana don't are healthy.
contradiction	All mammals give birth to young ones.	elephant don't give birth to young ones.
contradiction	All mammals give birth to young ones.	rabbit don't give birth to young ones.
contradiction	All colors are available.	yellow don't are available.
contradiction	All colors are available.	crimson don't are available.
contradiction	All mammals give birth to young ones.	rat don't give birth to young ones.
contradiction	All colors are available.	pink don't are available.
contradiction	All cars are costly.	BMW don't are costly.
contradiction	All colors are available.	red don't are available.
contradiction	All mammals give birth to young ones.	rabbit don't give birth to young ones.
contradiction	All colors are available.	yellow don't are available.
contradiction	All colors are available.	black don't are available.
contradiction	All colors are available.	purple don't are available.
contradiction	All mammals give birth to young ones.	dolphin don't give birth to young ones.
contradiction	All mammals give birth to young ones.	rabbit don't give birth to young ones.
contradiction	All cars are costly.	Rolls Royce don't are costly.
contradiction	All fruits are healthy.	cherry don't are healthy.
contradiction	All mammals give birth to young ones.	cow don't give birth to young ones.
contradiction	All cars are costly.	Rolls Royce don't are costly.
contradiction	All mammals give birth to young ones.	cow don't give birth to young ones.
contradiction	All colors are available.	blue don't are available.
contradiction	All mammals give birth to young ones.	rat don't give birth to young ones.
contradiction	All fruits are healthy.	cherry don't are healthy.
contradiction	All fruits are healthy.	mango don't are healthy.
contradiction	All cars are costly.	Ferrari don't are costly.
contradiction	All cars are costly.	BMW don't are costly.
contradiction	All cars are costly.	Toyota don't are costly.
contradiction	All colors are available.	yellow don't are available.
contradiction	All colors are available.	green don't are available.
contradiction	All fruits are healthy.	peach don't are healthy.
contradiction	All cars are costly.	Benz don't are costly.
contradiction	All colors are available.	blue don't are available.
contradiction	All mammals give birth to young ones.	rabbit don't give birth to young ones.
contradiction	All colors are available.	purple don't are available.
contradiction	All cars are costly.	BMW don't are costly.
contradiction	All cars are costly.	Fiat don't are costly.
contradiction	All fruits are healthy.	peach don't are healthy.
contradiction	All colors are available.	purple don't are available.
contradiction	All fruits are healthy.	mango don't are healthy.
contradiction	All fruits are healthy.	strawberry don't are healthy.
contradiction	All colors are available.	crimson don't are available.
contradiction	All colors are available.	red don't are available.
contradiction	All colors are available.	crimson don't are available.
contradiction	All mammals give birth to young ones.	elephant don't give birth to young ones.
contradiction	All mammals give birth to young ones.	cow don't give birth to young ones.
contradiction	All mammals give birth to young ones.	elephant don't give birth to young ones.
contradiction	All cars are costly.	Benz don't are costly.
contradiction	All fruits are healthy.	cherry don't are healthy.
contradiction	All fruits are healthy.	apple don't are healthy.
contradiction	All mammals give birth to young ones.	kangaroo don't give birth to young ones.
contradiction	All colors are available.	purple don't are available.
contradiction	All fruits are healthy.	peach don't are healthy.
contradiction	All mammals give birth to young ones.	dolphin don't give birth to young ones.
contradiction	All fruits are healthy.	apple don't are healthy.
contradiction	All colors are available.	red don't are available.
contradiction	All cars are costly.	BMW don't are costly.
contradiction	All cars are costly.	Fiat don't are costly.
contradiction	All mammals give birth to young ones.	dolphin don't give birth to young ones.
contradiction	All fruits are healthy.	cherry don't are healthy.
contradiction	All cars are costly.	Renault don't are costly.
contradiction	All cars are costly.	Benz don't are costly.
contradiction	All colors are available.	blue don't are available.
contradiction	All colors are available.	white don't are available.
contradiction	All colors are available.	grey don't are available.
contradiction	All mammals give birth to young ones.	cow don't give birth to young ones.
contradiction	All mammals give birth to young ones.	rabbit don't give birth to young ones.
contradiction	All colors are available.	grey don't are available.
contradiction	All colors are available.	black don't are available.
contradiction	All colors are available.	white don't are available.
contradiction	All cars are costly.	Benz don't are costly.
contradiction	All mammals give birth to young ones.	elephant don't give birth to young ones.
contradiction	All cars are costly.	Fiat don't are costly.
contradiction	All mammals give birth to young ones.	kangaroo don't give birth to young ones.
contradiction	All colors are available.	yellow don't are available.
contradiction	All fruits are healthy.	cherry don't are healthy.
contradiction	All fruits are healthy.	cherry don't are healthy.
contradiction	All colors are available.	pink don't are available.
contradiction	All colors are available.	green don't are available.
contradiction	All cars are costly.	Renault don't are costly.
contradiction	All cars are costly.	Rolls Royce don't are costly.
contradiction	All colors are available.	red don't are available.
contradiction	All colors are available.	blue don't are available.
contradiction	All colors are available.	black don't are available.
contradiction	All colors are available.	yellow don't are available.
contradiction	All mammals give birth to young ones.	bat don't give birth to young ones.
contradiction	All mammals give birth to young ones.	bat don't give birth to young ones.
contradiction	All cars are costly.	Benz don't are costly.
contradiction	All mammals give birth to young ones.	rat don't give birth to young ones.
contradiction	All mammals give birth to young ones.	rabbit don't give birth to young ones.
contradiction	All cars are costly.	BMW don't are costly.
contradiction	All colors are available.	pink don't are available.
contradiction	All cars are costly.	Toyota don't are costly.
contradiction	All colors are available.	green don't are available.
contradiction	All colors are available.	blue don't are available.
contradiction	All cars are costly.	Rolls Royce don't are costly.
contradiction	All mammals give birth to young ones.	kangaroo don't give birth to young ones.
contradiction	All mammals give birth to young ones.	bat don't give birth to young ones.
contradiction	All colors are available.	black don't are available.
contradiction	All colors are available.	green don't are available.
contradiction	All fruits are healthy.	strawberry don't are healthy.
contradiction	All fruits are healthy.	strawberry don't are healthy.
contradiction	All cars are costly.	Ferrari don't are costly.
contradiction	All colors are available.	white don't are available.
contradiction	All colors are available.	green don't are available.
contradiction	All cars are costly.	BMW don't are costly.
contradiction	All colors are available.	purple don't are available.
contradiction	All mammals give birth to young ones.	dolphin don't give birth to young ones.
contradiction	All mammals give birth to young ones.	rabbit don't give birth to young ones.
contradiction	All colors are available.	crimson don't are available.
contradiction	All colors are available.	purple don't are available.
contradiction	All colors are available.	magenta don't are available.
contradiction	All colors are available.	grey don't are available.
contradiction	All fruits are healthy.	apple don't are healthy.
contradiction	All fruits are healthy.	apple don't are healthy.
contradiction	All fruits are healthy.	cherry don't are healthy.
contradiction	All colors are available.	white don't are available.
contradiction	All fruits are healthy.	cherry don't are healthy.
contradiction	All fruits are healthy.	apple don't are healthy.
contradiction	All mammals give birth to young ones.	kangaroo don't give birth to young ones.
contradiction	All colors are available.	pink don't are available.
contradiction	All colors are available.	purple don't are available.
contradiction	All cars are costly.	Fiat don't are costly.
contradiction	All colors are available.	pink don't are available.
contradiction	All cars are costly.	Rolls Royce don't are costly.
contradiction	All colors are available.	grey don't are available.
contradiction	All mammals give birth to young ones.	rat don't give birth to young ones.
contradiction	All fruits are healthy.	banana don't are healthy.
contradiction	All fruits are healthy.	peach don't are healthy.
contradiction	All colors are available.	grey don't are available.
contradiction	All colors are available.	yellow don't are available.
contradiction	All colors are available.	blue don't are available.
contradiction	All cars are costly.	Benz don't are costly.
contradiction	All cars are costly.	Rolls Royce don't are costly.
contradiction	All mammals give birth to young ones.	kangaroo don't give birth to young ones.
contradiction	All fruits are healthy.	banana don't are healthy.
contradiction	All colors are available.	red don't are available.
contradiction	All mammals give birth to young ones.	dolphin don't give birth to young ones.
contradiction	All mammals give birth to young ones.	rabbit don't give birth to young ones.
contradiction	All colors are available.	pink don't are available.
contradiction	All colors are available.	pink don't are available.
contradiction	All colors are available.	crimson don't are available.
contradiction	All mammals give birth to young ones.	kangaroo don't give birth to young ones.
contradiction	All cars are costly.	Fiat don't are costly.
contradiction	All colors are available.	green don't are available.
contradiction	All colors are available.	green don't are available.
contradiction	All colors are available.	grey don't are available.
contradiction	All colors are available.	red don't are available.
contradiction	All colors are available.	crimson don't are available.
contradiction	All mammals give birth to young ones.	elephant don't give birth to young ones.
contradiction	All cars are costly.	BMW don't are costly.
contradiction	All colors are available.	grey don't are available.
contradiction	All colors are available.	grey don't are available.
contradiction	All cars are costly.	Fiat don't are costly.
contradiction	All colors are available.	blue don't are available.
contradiction	All colors are available.	yellow don't are available.
contradiction	All mammals give birth to young ones.	dolphin don't give birth to young ones.
contradiction	All cars are costly.	Fiat don't are costly.
contradiction	All mammals give birth to young ones.	elephant don't give birth to young ones.
contradiction	All colors are available.	black don't are available.
contradiction	All colors are available.	purple don't are available.
contradiction	All mammals give birth to young ones.	rabbit don't give birth to young ones.
contradiction	All cars are costly.	BMW don't are costly.
contradiction	All cars are costly.	Fiat don't are costly.
contradiction	All mammals give birth to young ones.	kangaroo don't give birth to young ones.
contradiction	All colors are available.	pink don't are available.
contradiction	All colors are available.	crimson don't are available.
contradiction	All colors are available.	blue don't are available.
contradiction	All colors are available.	grey don't are available.
contradiction	All colors are available.	purple don't are available.
contradiction	All cars are costly.	Ferrari don't are costly.
contradiction	All colors are available.	blue don't are available.
contradiction	All mammals give birth to young ones.	elephant don't give birth to young ones.
contradiction	All colors are available.	green don't are available.
contradiction	All cars are costly.	Renault don't are costly.
contradiction	All mammals give birth to young ones.	dolphin don't give birth to young ones.
contradiction	All colors are available.	crimson don't are available.
contradiction	All cars are costly.	Ferrari don't are costly.
contradiction	All mammals give birth to young ones.	elephant don't give birth to young ones.
contradiction	All fruits are healthy.	banana don't are healthy.
contradiction	All mammals give birth to young ones.	rabbit don't give birth to young ones.
contradiction	All fruits are healthy.	cherry don't are healthy.
contradiction	All cars are costly.	Ferrari don't are costly.
contradiction	All fruits are healthy.	banana don't are healthy.
contradiction	All colors are available.	crimson don't are available.
contradiction	All colors are available.	purple don't are available.
contradiction	All mammals give birth to young ones.	kangaroo don't give birth to young ones.
contradiction	All colors are available.	green don't are available.
contradiction	All fruits are healthy.	peach don't are healthy.
contradiction	All colors are available.	purple don't are available.
contradiction	All fruits are healthy.	banana don't are healthy.
contradiction	All cars are costly.	Benz don't are costly.
contradiction	All cars are costly.	Rolls Royce don't are costly.
contradiction	All cars are costly.	Rolls Royce don't are costly.
contradiction	All mammals give birth to young ones.	kangaroo don't give birth to young ones.
contradiction	All colors are available.	purple don't are available.
contradiction	All mammals give birth to young ones.	rabbit don't give birth to young ones.
contradiction	All fruits are healthy.	banana don't are healthy.
contradiction	All cars are costly.	Fiat don't are costly.
contradiction	All colors are available.	pink don't are available.
contradiction	All mammals give birth to young ones.	cow don't give birth to young ones.
contradiction	All mammals give birth to young ones.	kangaroo don't give birth to young ones.
contradiction	All colors are available.	pink don't are available.
contradiction	All fruits are healthy.	peach don't are healthy.
contradiction	All cars are costly.	Renault don't are costly.
contradiction	All fruits are healthy.	banana don't are healthy.
contradiction	All mammals give birth to young ones.	dolphin don't give birth to young ones.
contradiction	All fruits are healthy.	apple don't are healthy.
contradiction	All cars are costly.	Toyota don't are costly.
contradiction	All colors are available.	purple don't are available.
contradiction	All mammals give birth to young ones.	bat don't give birth to young ones.
contradiction	All colors are available.	white don't are available.
contradiction	All colors are available.	blue don't are available.
contradiction	All fruits are healthy.	banana don't are healthy.
contradiction	All colors are available.	blue don't are available.
contradiction	All colors are available.	black don't are available.
contradiction	All colors are available.	yellow don't are available.
contradiction	All fruits are healthy.	strawberry don't are healthy.
contradiction	All colors are available.	purple don't are available.
contradiction	All mammals give birth to young ones.	dolphin don't give birth to young ones.
contradiction	All mammals give birth to young ones.	kangaroo don't give birth to young ones.
contradiction	All colors are available.	magenta don't are available.
contradiction	All mammals give birth to young ones.	rat don't give birth to young ones.
contradiction	All colors are available.	yellow don't are available.
contradiction	All cars are costly.	Fiat don't are costly.
contradiction	All colors are available.	yellow don't are available.
contradiction	All fruits are healthy.	strawberry don't are healthy.
contradiction	All cars are costly.	Fiat don't are costly.
contradiction	All mammals give birth to young ones.	rabbit don't give birth to young ones.
contradiction	All mammals give birth to young ones.	bat don't give birth to young ones.
contradiction	All fruits are healthy.	mango don't are healthy.
contradiction	All colors are available.	magenta don't are available.
contradiction	All fruits are healthy.	peach don't are healthy.
contradiction	All mammals give birth to young ones.	cow don't give birth to young ones.
contradiction	All colors are available.	blue don't are available.
contradiction	All mammals give birth to young ones.	dolphin don't give birth to young ones.
contradiction	All colors are available.	white don't are available.
contradiction	All cars are costly.	Renault don't are costly.
contradiction	All colors are available.	yellow don't are available.
contradiction	All colors are available.	green don't are available.
contradiction	All mammals give birth to young ones.	bat don't give birth to young ones.
contradiction	All cars are costly.	Fiat don't are costly.
contradiction	All mammals give birth to young ones.	dolphin don't give birth to young ones.
contradiction	All mammals give birth to young ones.	rat don't give birth to young ones.
contradiction	All mammals give birth to young ones.	rat don't give birth to young ones.
contradiction	All mammals give birth to young ones.	kangaroo don't give birth to young ones.
contradiction	All mammals give birth to young ones.	elephant don't give birth to young ones.
contradiction	All mammals give birth to young ones.	cow don't give birth to young ones.
contradiction	All colors are available.	yellow don't are available.
contradiction	All mammals give birth to young ones.	cow don't give birth to young ones.
contradiction	All cars are costly.	Rolls Royce don't are costly.
contradiction	All colors are available.	blue don't are available.
contradiction	All colors are available.	white don't are available.
contradiction	All fruits are healthy.	strawberry don't are healthy.
contradiction	All cars are costly.	Ferrari don't are costly.
contradiction	All mammals give birth to young ones.	elephant don't give birth to young ones.
contradiction	All colors are available.	magenta don't are available.
contradiction	All cars are costly.	Toyota don't are costly.
contradiction	All mammals give birth to young ones.	rat don't give birth to young ones.
contradiction	All cars are costly.	Benz don't are costly.
contradiction	All mammals give birth to young ones.	rat don't give birth to young ones.
contradiction	All colors are available.	yellow don't are available.
contradiction	All fruits are healthy.	banana don't are healthy.
contradiction	All mammals give birth to young ones.	bat don't give birth to young ones.
contradiction	All colors are available.	purple don't are available.
contradiction	All cars are costly.	Benz don't are costly.
contradiction	All fruits are healthy.	mango don't are healthy.
contradiction	All mammals give birth to young ones.	elephant don't give birth to young ones.
contradiction	All mammals give birth to young ones.	dolphin don't give birth to young ones.
contradiction	All cars are costly.	Rolls Royce don't are costly.
contradiction	All fruits are healthy.	banana don't are healthy.
contradiction	All mammals give birth to young ones.	cow don't give birth to young ones.
contradiction	All mammals give birth to young ones.	kangaroo don't give birth to young ones.
contradiction	All colors are available.	magenta don't are available.
contradiction	All mammals give birth to young ones.	rat don't give birth to young ones.
contradiction	All colors are available.	magenta don't are available.
contradiction	All colors are available.	black don't are available.
contradiction	All colors are available.	purple don't are available.
contradiction	All cars are costly.	Ferrari don't are costly.
contradiction	All colors are available.	purple don't are available.
contradiction	All fruits are healthy.	strawberry don't are healthy.
contradiction	All cars are costly.	Renault don't are costly.
contradiction	All colors are available.	magenta don't are available.
contradiction	All colors are available.	purple don't are available.
contradiction	All colors are available.	grey don't are available.
contradiction	All colors are available.	crimson don't are available.
contradiction	All colors are available.	pink don't are available.
contradiction	All colors are available.	black don't are available.
contradiction	All colors are available.	blue don't are available.
contradiction	All colors are available.	white don't are available.
contradiction	All colors are available.	grey don't are available.
contradiction	All colors are available.	red don't are available.
contradiction	All colors are available.	grey don't are available.
contradiction	All colors are available.	green don't are available.
contradiction	All mammals give birth to young ones.	cow don't give birth to young ones.
contradiction	All fruits are healthy.	cherry don't are healthy.
contradiction	All fruits are healthy.	mango don't are healthy.
contradiction	All cars are costly.	Toyota don't are costly.
contradiction	All mammals give birth to young ones.	elephant don't give birth to young ones.
contradiction	All mammals give birth to young ones.	elephant don't give birth to young ones.
contradiction	All cars are costly.	Fiat don't are costly.
contradiction	All colors are available.	purple don't are available.
contradiction	All fruits are healthy.	peach don't are healthy.
contradiction	All cars are costly.	BMW don't are costly.
contradiction	All mammals give birth to young ones.	dolphin don't give birth to young ones.
contradiction	All fruits are healthy.	strawberry don't are healthy.
contradiction	All fruits are healthy.	banana don't are healthy.
contradiction	All fruits are healthy.	apple don't are healthy.
contradiction	All cars are costly.	Ferrari don't are costly.
contradiction	All cars are costly.	Fiat don't are costly.
contradiction	All colors are available.	white don't are available.
contradiction	All fruits are healthy.	mango don't are healthy.
contradiction	All cars are costly.	BMW don't are costly.
contradiction	All fruits are healthy.	peach don't are healthy.
contradiction	All cars are costly.	Renault don't are costly.
contradiction	All cars are costly.	Renault don't are costly.
contradiction	All mammals give birth to young ones.	dolphin don't give birth to young ones.
contradiction	All fruits are healthy.	strawberry don't are healthy.
contradiction	All colors are available.	pink don't are available.
contradiction	All fruits are healthy.	cherry don't are healthy.
contradiction	All mammals give birth to young ones.	kangaroo don't give birth to young ones.
contradiction	All fruits are healthy.	apple don't are healthy.
contradiction	All mammals give birth to young ones.	rabbit don't give birth to young ones.
contradiction	All mammals give birth to young ones.	elephant don't give birth to young ones.
contradiction	All mammals give birth to young ones.	rabbit don't give birth to young ones.
contradiction	All fruits are healthy.	apple don't are healthy.
contradiction	All colors are available.	pink don't are available.
contradiction	All cars are costly.	Fiat don't are costly.
contradiction	All fruits are healthy.	cherry don't are healthy.
contradiction	All mammals give birth to young ones.	elephant don't give birth to young ones.
contradiction	All mammals give birth to young ones.	elephant don't give birth to young ones.
contradiction	All colors are available.	white don't are available.
contradiction	All cars are costly.	BMW don't are costly.
contradiction	All colors are available.	blue don't are available.
contradiction	All colors are available.	purple don't are available.
contradiction	All colors are available.	green don't are available.
contradiction	All colors are available.	blue don't are available.
contradiction	All cars are costly.	Ferrari don't are costly.
contradiction	All colors are available.	green don't are available.
contradiction	All colors are available.	white don't are available.
contradiction	All mammals give birth to young ones.	elephant don't give birth to young ones.
contradiction	All mammals give birth to young ones.	elephant don't give birth to young ones.
contradiction	All cars are costly.	Renault don't are costly.
contradiction	All fruits are healthy.	mango don't are healthy.
contradiction	All mammals give birth to young ones.	elephant don't give birth to young ones.
contradiction	All cars are costly.	Ferrari don't are costly.
contradiction	All fruits are healthy.	mango don't are healthy.
contradiction	All mammals give birth to young ones.	kangaroo don't give birth to young ones.
contradiction	All colors are available.	white don't are available.
contradiction	All cars are costly.	Rolls Royce don't are costly.
contradiction	All mammals give birth to young ones.	kangaroo don't give birth to young ones.
contradiction	All colors are available.	grey don't are available.
contradiction	All mammals give birth to young ones.	kangaroo don't give birth to young ones.
contradiction	All fruits are healthy.	strawberry don't are healthy.
contradiction	All colors are available.	grey don't are available.
contradiction	All mammals give birth to young ones.	dolphin don't give birth to young ones.
contradiction	All mammals give birth to young ones.	rabbit don't give birth to young ones.
contradiction	All mammals give birth to young ones.	elephant don't give birth to young ones.
contradiction	All colors are available.	magenta don't are available.
contradiction	All fruits are healthy.	strawberry don't are healthy.
contradiction	All fruits are healthy.	strawberry don't are healthy.
contradiction	All mammals give birth to young ones.	cow don't give birth to young ones.
contradiction	All colors are available.	blue don't are available.
contradiction	All fruits are healthy.	apple don't are healthy.
contradiction	All cars are costly.	Rolls Royce don't are costly.
contradiction	All cars are costly.	Ferrari don't are costly.
contradiction	All cars are costly.	BMW don't are costly.
contradiction	All colors are available.	white don't are available.
contradiction	All cars are costly.	Renault don't are costly.
contradiction	All cars are costly.	Benz don't are costly.
contradiction	All cars are costly.	Rolls Royce don't are costly.
contradiction	All colors are available.	purple don't are available.
contradiction	All mammals give birth to young ones.	kangaroo don't give birth to young ones.
contradiction	All mammals give birth to young ones.	elephant don't give birth to young ones.
contradiction	All colors are available.	blue don't are available.
contradiction	All colors are available.	yellow don't are available.
contradiction	All colors are available.	grey don't are available.
contradiction	All cars are costly.	Rolls Royce don't are costly.
contradiction	All mammals give birth to young ones.	dolphin don't give birth to young ones.
contradiction	All fruits are healthy.	peach don't are healthy.
contradiction	All mammals give birth to young ones.	bat don't give birth to young ones.
contradiction	All cars are costly.	Ferrari don't are costly.
contradiction	All colors are available.	yellow don't are available.
contradiction	All colors are available.	grey don't are available.
contradiction	All cars are costly.	Ferrari don't are costly.
contradiction	All cars are costly.	Fiat don't are costly.
contradiction	All fruits are healthy.	cherry don't are healthy.
contradiction	All cars are costly.	Fiat don't are costly.
contradiction	All cars are costly.	Renault don't are costly.
contradiction	All colors are available.	grey don't are available.
contradiction	All cars are costly.	Fiat don't are costly.
contradiction	All colors are available.	black don't are available.
contradiction	All fruits are healthy.	cherry don't are healthy.
contradiction	All mammals give birth to young ones.	cow don't give birth to young ones.
contradiction	All colors are available.	yellow don't are available.
contradiction	All cars are costly.	BMW don't are costly.
contradiction	All colors are available.	blue don't are available.
contradiction	All colors are available.	white don't are available.
contradiction	All mammals give birth to young ones.	cow don't give birth to young ones.
contradiction	All mammals give birth to young ones.	rat don't give birth to young ones.
contradiction	All cars are costly.	BMW don't are costly.
contradiction	All fruits are healthy.	strawberry don't are healthy.
contradiction	All cars are costly.	Rolls Royce don't are costly.
contradiction	All cars are costly.	Renault don't are costly.
contradiction	All colors are available.	crimson don't are available.
contradiction	All cars are costly.	Ferrari don't are costly.
contradiction	All mammals give birth to young ones.	kangaroo don't give birth to young ones.
contradiction	All fruits are healthy.	mango don't are healthy.
contradiction	All colors are available.	red don't are available.
contradiction	All mammals give birth to young ones.	dolphin don't give birth to young ones.
contradiction	All fruits are healthy.	cherry don't are healthy.
contradiction	All cars are costly.	Rolls Royce don't are costly.
contradiction	All fruits are healthy.	cherry don't are healthy.
contradiction	All colors are available.	magenta don't are available.
contradiction	All mammals give birth to young ones.	bat don't give birth to young ones.
contradiction	All fruits are healthy.	strawberry don't are healthy.
contradiction	All cars are costly.	Benz don't are costly.
contradiction	All cars are costly.	Toyota don't are costly.
contradiction	All colors are available.	white don't are available.
contradiction	All colors are available.	green don't are available.
contradiction	All cars are costly.	Benz don't are costly.
contradiction	All fruits are healthy.	cherry don't are healthy.
contradiction	All mammals give birth to young ones.	elephant don't give birth to young ones.
contradiction	All cars are costly.	Renault don't are costly.
contradiction	All fruits are healthy.	apple don't are healthy.
contradiction	All colors are available.	magenta don't are available.
contradiction	All fruits are healthy.	cherry don't are healthy.
contradiction	All cars are costly.	BMW don't are costly.
contradiction	All colors are available.	yellow don't are available.
contradiction	All fruits are healthy.	apple don't are healthy.
contradiction	All fruits are healthy.	mango don't are healthy.
contradiction	All fruits are healthy.	strawberry don't are healthy.
contradiction	All cars are costly.	Benz don't are costly.
contradiction	All mammals give birth to young ones.	rabbit don't give birth to young ones.
contradiction	All colors are available.	blue don't are available.
contradiction	All colors are available.	magenta don't are available.
contradiction	All colors are available.	magenta don't are available.
contradiction	All fruits are healthy.	strawberry don't are healthy.
contradiction	All cars are costly.	Toyota don't are costly.
contradiction	All cars are costly.	Benz don't are costly.
contradiction	All colors are available.	purple don't are available.
contradiction	All colors are available.	blue don't are available.
contradiction	All colors are available.	green don't are available.
contradiction	All cars are costly.	Ferrari don't are costly.
contradiction	All mammals give birth to young ones.	elephant don't give birth to young ones.
contradiction	All fruits are healthy.	apple don't are healthy.
contradiction	All mammals give birth to young ones.	elephant don't give birth to young ones.
contradiction	All mammals give birth to young ones.	dolphin don't give birth to young ones.
contradiction	All fruits are healthy.	mango don't are healthy.
contradiction	All cars are costly.	Benz don't are costly.
contradiction	All mammals give birth to young ones.	cow don't give birth to young ones.
contradiction	All colors are available.	pink don't are available.
contradiction	All fruits are healthy.	peach don't are healthy.
contradiction	All fruits are healthy.	strawberry don't are healthy.
contradiction	All colors are available.	magenta don't are available.
contradiction	All colors are available.	magenta don't are available.
contradiction	All fruits are healthy.	apple don't are healthy.
contradiction	All fruits are healthy.	mango don't are healthy.
contradiction	All fruits are healthy.	mango don't are healthy.
contradiction	All mammals give birth to young ones.	rat don't give birth to young ones.
contradiction	All fruits are healthy.	peach don't are healthy.
contradiction	All cars are costly.	Toyota don't are costly.
contradiction	All cars are costly.	Renault don't are costly.
contradiction	All colors are available.	magenta don't are available.
contradiction	All mammals give birth to young ones.	dolphin don't give birth to young ones.
contradiction	All fruits are healthy.	apple don't are healthy.
contradiction	All fruits are healthy.	banana don't are healthy.
contradiction	All colors are available.	magenta don't are available.
contradiction	All fruits are healthy.	banana don't are healthy.
contradiction	All mammals give birth to young ones.	rabbit don't give birth to young ones.
contradiction	All colors are available.	magenta don't are available.
contradiction	All colors are available.	purple don't are available.
contradiction	All colors are available.	yellow don't are available.
contradiction	All mammals give birth to young ones.	rat don't give birth to young ones.
contradiction	All fruits are healthy.	apple don't are healthy.
contradiction	All mammals give birth to young ones.	kangaroo don't give birth to young ones.
contradiction	All mammals give birth to young ones.	cow don't give birth to young ones.
contradiction	All fruits are healthy.	cherry don't are healthy.
contradiction	All colors are available.	magenta don't are available.
contradiction	All cars are costly.	Renault don't are costly.
contradiction	All colors are available.	white don't are available.
contradiction	All colors are available.	purple don't are available.
contradiction	All mammals give birth to young ones.	elephant don't give birth to young ones.
contradiction	All colors are available.	green don't are available.
contradiction	All cars are costly.	Fiat don't are costly.
contradiction	All cars are costly.	Ferrari don't are costly.
contradiction	All colors are available.	red don't are available.
contradiction	All mammals give birth to young ones.	cow don't give birth to young ones.
contradiction	All colors are available.	grey don't are available.
contradiction	All fruits are healthy.	apple don't are healthy.
contradiction	All colors are available.	pink don't are available.
contradiction	All colors are available.	purple don't are available.
contradiction	All cars are costly.	Renault don't are costly.
contradiction	All colors are available.	purple don't are available.
contradiction	All fruits are healthy.	apple don't are healthy.
contradiction	All colors are available.	yellow don't are available.
contradiction	All fruits are healthy.	banana don't are healthy.
contradiction	All fruits are healthy.	apple don't are healthy.
contradiction	All colors are available.	black don't are available.
contradiction	All mammals give birth to young ones.	elephant don't give birth to young ones.
contradiction	All fruits are healthy.	mango don't are healthy.
contradiction	All mammals give birth to young ones.	dolphin don't give birth to young ones.
contradiction	All colors are available.	green don't are available.
contradiction	All colors are available.	blue don't are available.
contradiction	All colors are available.	crimson don't are available.
contradiction	All fruits are healthy.	mango don't are healthy.
contradiction	All fruits are healthy.	peach don't are healthy.
contradiction	All cars are costly.	Ferrari don't are costly.
contradiction	All cars are costly.	Rolls Royce don't are costly.
contradiction	All cars are costly.	BMW don't are costly.
contradiction	All colors are available.	green don't are available.
contradiction	All colors are available.	white don't are available.
contradiction	All mammals give birth to young ones.	cow don't give birth to young ones.
contradiction	All fruits are healthy.	banana don't are healthy.
contradiction	All fruits are healthy.	apple don't are healthy.
contradiction	All colors are available.	white don't are available.
contradiction	All cars are costly.	Toyota don't are costly.
contradiction	All colors are available.	purple don't are available.
contradiction	All colors are available.	crimson don't are available.
contradiction	All fruits are healthy.	strawberry don't are healthy.
contradiction	All mammals give birth to young ones.	kangaroo don't give birth to young ones.
contradiction	All mammals give birth to young ones.	rat don't give birth to young ones.
contradiction	All colors are available.	black don't are available.
contradiction	All colors are available.	purple don't are available.
contradiction	All colors are available.	purple don't are available.
contradiction	All fruits are healthy.	peach don't are healthy.
contradiction	All colors are available.	red don't are available.
contradiction	All colors are available.	crimson don't are available.
contradiction	All cars are costly.	BMW don't are costly.
contradiction	All colors are available.	white don't are available.
contradiction	All colors are available.	black don't are available.
contradiction	All cars are costly.	Fiat don't are costly.
contradiction	All colors are available.	pink don't are available.
contradiction	All fruits are healthy.	cherry don't are healthy.
contradiction	All fruits are healthy.	banana don't are healthy.
contradiction	All colors are available.	magenta don't are available.
contradiction	All fruits are healthy.	cherry don't are healthy.
contradiction	All fruits are healthy.	peach don't are healthy.
contradiction	All mammals give birth to young ones.	cow don't give birth to young ones.
contradiction	All cars are costly.	Renault don't are costly.
contradiction	All mammals give birth to young ones.	cow don't give birth to young ones.
contradiction	All mammals give birth to young ones.	rat don't give birth to young ones.
contradiction	All mammals give birth to young ones.	dolphin don't give birth to young ones.
contradiction	All mammals give birth to young ones.	bat don't give birth to young ones.
contradiction	All cars are costly.	Toyota don't are costly.
contradiction	All cars are costly.	Toyota don't are costly.
contradiction	All cars are costly.	Fiat don't are costly.
contradiction	All mammals give birth to young ones.	bat don't give birth to young ones.
contradiction	All mammals give birth to young ones.	cow don't give birth to young ones.
contradiction	All cars are costly.	BMW don't are costly.
contradiction	All cars are costly.	Toyota don't are costly.
contradiction	All fruits are healthy.	mango don't are healthy.
contradiction	All colors are available.	crimson don't are available.
contradiction	All cars are costly.	Renault don't are costly.
contradiction	All colors are available.	red don't are available.
contradiction	All colors are available.	pink don't are available.
contradiction	All fruits are healthy.	mango don't are healthy.
contradiction	All cars are costly.	Fiat don't are costly.
contradiction	All mammals give birth to young ones.	elephant don't give birth to young ones.
contradiction	All mammals give birth to young ones.	cow don't give birth to young ones.
contradiction	All fruits are healthy.	mango don't are healthy.
contradiction	All mammals give birth to young ones.	kangaroo don't give birth to young ones.
contradiction	All colors are available.	purple don't are available.
contradiction	All mammals give birth to young ones.	rabbit don't give birth to young ones.
contradiction	All colors are available.	purple don't are available.
contradiction	All colors are available.	red don't are available.
contradiction	All colors are available.	red don't are available.
contradiction	All colors are available.	grey don't are available.
contradiction	All fruits are healthy.	apple don't are healthy.
contradiction	All cars are costly.	Renault don't are costly.
contradiction	All mammals give birth to young ones.	bat don't give birth to young ones.
contradiction	All cars are costly.	BMW don't are costly.
contradiction	All cars are costly.	Fiat don't are costly.
contradiction	All colors are available.	green don't are available.
contradiction	All cars are costly.	Renault don't are costly.
contradiction	All fruits are healthy.	strawberry don't are healthy.
contradiction	All mammals give birth to young ones.	rat don't give birth to young ones.
contradiction	All colors are available.	white don't are available.
contradiction	All fruits are healthy.	banana don't are healthy.
contradiction	All colors are available.	magenta don't are available.
contradiction	All fruits are healthy.	strawberry don't are healthy.
contradiction	All cars are costly.	BMW don't are costly.
contradiction	All fruits are healthy.	peach don't are healthy.
contradiction	All colors are available.	yellow don't are available.
contradiction	All colors are available.	blue don't are available.
contradiction	All cars are costly.	Renault don't are costly.
contradiction	All colors are available.	yellow don't are available.
contradiction	All colors are available.	pink don't are available.
contradiction	All colors are available.	blue don't are available.
contradiction	All mammals give birth to young ones.	kangaroo don't give birth to young ones.
contradiction	All mammals give birth to young ones.	cow don't give birth to young ones.
contradiction	All fruits are healthy.	banana don't are healthy.
contradiction	All cars are costly.	Toyota don't are costly.
contradiction	All mammals give birth to young ones.	rat don't give birth to young ones.
contradiction	All mammals give birth to young ones.	bat don't give birth to young ones.
contradiction	All colors are available.	pink don't are available.
contradiction	All colors are available.	yellow don't are available.
contradiction	All colors are available.	purple don't are available.
contradiction	All cars are costly.	Renault don't are costly.
contradiction	All mammals give birth to young ones.	kangaroo don't give birth to young ones.
contradiction	All colors are available.	magenta don't are available.
contradiction	All fruits are healthy.	peach don't are healthy.
contradiction	All colors are available.	blue don't are available.
contradiction	All colors are available.	red don't are available.
contradiction	All mammals give birth to young ones.	bat don't give birth to young ones.
contradiction	All colors are available.	pink don't are available.
contradiction	All cars are costly.	Toyota don't are costly.
contradiction	All cars are costly.	BMW don't are costly.
contradiction	All fruits are healthy.	strawberry don't are healthy.
contradiction	All mammals give birth to young ones.	rat don't give birth to young ones.
contradiction	All fruits are healthy.	cherry don't are healthy.
contradiction	All cars are costly.	Ferrari don't are costly.
contradiction	All mammals give birth to young ones.	kangaroo don't give birth to young ones.
contradiction	All fruits are healthy.	strawberry don't are healthy.
contradiction	All mammals give birth to young ones.	bat don't give birth to young ones.
contradiction	All cars are costly.	Renault don't are costly.
contradiction	All colors are available.	grey don't are available.
contradiction	All fruits are healthy.	peach don't are healthy.
contradiction	All fruits are healthy.	peach don't are healthy.
contradiction	All fruits are healthy.	apple don't are healthy.
contradiction	All fruits are healthy.	peach don't are healthy.
contradiction	All colors are available.	red don't are available.
contradiction	All cars are costly.	Renault don't are costly.
contradiction	All cars are costly.	Benz don't are costly.
contradiction	All mammals give birth to young ones.	rabbit don't give birth to young ones.
contradiction	All fruits are healthy.	apple don't are healthy.
contradiction	All cars are costly.	BMW don't are costly.
contradiction	All colors are available.	blue don't are available.
contradiction	All mammals give birth to young ones.	bat don't give birth to young ones.
contradiction	All colors are available.	purple don't are available.
contradiction	All fruits are healthy.	peach don't are healthy.
contradiction	All fruits are healthy.	peach don't are healthy.
contradiction	All colors are available.	red don't are available.
contradiction	All colors are available.	magenta don't are available.
contradiction	All colors are available.	magenta don't are available.
contradiction	All colors are available.	white don't are available.
contradiction	All mammals give birth to young ones.	rat don't give birth to young ones.
contradiction	All fruits are healthy.	mango don't are healthy.
contradiction	All cars are costly.	BMW don't are costly.
contradiction	All colors are available.	grey don't are available.
contradiction	All colors are available.	pink don't are available.
contradiction	All cars are costly.	Renault don't are costly.
contradiction	All colors are available.	red don't are available.
contradiction	All colors are available.	blue don't are available.
contradiction	All colors are available.	green don't are available.
contradiction	All colors are available.	magenta don't are available.
contradiction	All cars are costly.	BMW don't are costly.
contradiction	All mammals give birth to young ones.	bat don't give birth to young ones.
contradiction	All colors are available.	magenta don't are available.
contradiction	All fruits are healthy.	cherry don't are healthy.
contradiction	All fruits are healthy.	banana don't are healthy.
contradiction	All mammals give birth to young ones.	bat don't give birth to young ones.
contradiction	All colors are available.	white don't are available.
contradiction	All colors are available.	purple don't are available.
contradiction	All cars are costly.	Ferrari don't are costly.
contradiction	All fruits are healthy.	apple don't are healthy.
contradiction	All colors are available.	crimson don't are available.
contradiction	All mammals give birth to young ones.	rabbit don't give birth to young ones.
contradiction	All colors are available.	yellow don't are available.
contradiction	All colors are available.	yellow don't are available.
contradiction	All colors are available.	magenta don't are available.
contradiction	All colors are available.	crimson don't are available.
contradiction	All fruits are healthy.	banana don't are healthy.
contradiction	All cars are costly.	Benz don't are costly.
contradiction	All fruits are healthy.	cherry don't are healthy.
contradiction	All fruits are healthy.	banana don't are healthy.
contradiction	All fruits are healthy.	peach don't are healthy.
contradiction	All colors are available.	blue don't are available.
contradiction	All mammals give birth to young ones.	cow don't give birth to young ones.
contradiction	All mammals give birth to young ones.	cow don't give birth to young ones.
contradiction	All mammals give birth to young ones.	rat don't give birth to young ones.
contradiction	All colors are available.	magenta don't are available.
contradiction	All fruits are healthy.	banana don't are healthy.
contradiction	All fruits are healthy.	mango don't are healthy.
contradiction	All colors are available.	white don't are available.
contradiction	All cars are costly.	Renault don't are costly.
contradiction	All cars are costly.	Renault don't are costly.
contradiction	All fruits are healthy.	mango don't are healthy.
contradiction	All colors are available.	black don't are available.
contradiction	All colors are available.	black don't are available.
contradiction	All cars are costly.	Rolls Royce don't are costly.
contradiction	All cars are costly.	BMW don't are costly.
contradiction	All cars are costly.	Renault don't are costly.
contradiction	All cars are costly.	Renault don't are costly.
contradiction	All mammals give birth to young ones.	bat don't give birth to young ones.
contradiction	All cars are costly.	Benz don't are costly.
contradiction	All fruits are healthy.	peach don't are healthy.
contradiction	All colors are available.	pink don't are available.
contradiction	All cars are costly.	Renault don't are costly.
contradiction	All colors are available.	crimson don't are available.
contradiction	All cars are costly.	Toyota don't are costly.
contradiction	All fruits are healthy.	cherry don't are healthy.
contradiction	All colors are available.	blue don't are available.
contradiction	All fruits are healthy.	banana don't are healthy.
contradiction	All fruits are healthy.	apple don't are healthy.
contradiction	All fruits are healthy.	cherry don't are healthy.
contradiction	All fruits are healthy.	cherry don't are healthy.
contradiction	All cars are costly.	Fiat don't are costly.
contradiction	All mammals give birth to young ones.	elephant don't give birth to young ones.
contradiction	All mammals give birth to young ones.	bat don't give birth to young ones.
contradiction	All cars are costly.	Rolls Royce don't are costly.
contradiction	All colors are available.	green don't are available.
contradiction	All mammals give birth to young ones.	elephant don't give birth to young ones.
contradiction	All mammals give birth to young ones.	dolphin don't give birth to young ones.
contradiction	All colors are available.	blue don't are available.
contradiction	All fruits are healthy.	banana don't are healthy.
contradiction	All cars are costly.	Ferrari don't are costly.
contradiction	All mammals give birth to young ones.	kangaroo don't give birth to young ones.
contradiction	All fruits are healthy.	apple don't are healthy.
contradiction	All fruits are healthy.	peach don't are healthy.
contradiction	All colors are available.	green don't are available.
contradiction	All mammals give birth to young ones.	dolphin don't give birth to young ones.
contradiction	All cars are costly.	Toyota don't are costly.
contradiction	All colors are available.	yellow don't are available.
contradiction	All colors are available.	green don't are available.
contradiction	All colors are available.	grey don't are available.
contradiction	All colors are available.	red don't are available.
contradiction	All colors are available.	blue don't are available.
contradiction	All fruits are healthy.	mango don't are healthy.
contradiction	All cars are costly.	BMW don't are costly.
contradiction	All colors are available.	black don't are available.
contradiction	All colors are available.	crimson don't are available.
contradiction	All colors are available.	pink don't are available.
contradiction	All colors are available.	pink don't are available.
contradiction	All colors are available.	red don't are available.
contradiction	All cars are costly.	Benz don't are costly.
contradiction	All fruits are healthy.	cherry don't are healthy.
contradiction	All colors are available.	yellow don't are available.
contradiction	All fruits are healthy.	apple don't are healthy.
contradiction	All cars are costly.	Ferrari don't are costly.
contradiction	All mammals give birth to young ones.	dolphin don't give birth to young ones.
contradiction	All mammals give birth to young ones.	rat don't give birth to young ones.
contradiction	All mammals give birth to young ones.	rabbit don't give birth to young ones.
contradiction	All fruits are healthy.	cherry don't are healthy.
contradiction	All fruits are healthy.	cherry don't are healthy.
contradiction	All colors are available.	black don't are available.
contradiction	All cars are costly.	Rolls Royce don't are costly.
contradiction	All mammals give birth to young ones.	rat don't give birth to young ones.
contradiction	All fruits are healthy.	cherry don't are healthy.
contradiction	All fruits are healthy.	mango don't are healthy.
contradiction	All colors are available.	red don't are available.
contradiction	All colors are available.	pink don't are available.
contradiction	All colors are available.	red don't are available.
contradiction	All colors are available.	white don't are available.
contradiction	All mammals give birth to young ones.	cow don't give birth to young ones.
contradiction	All colors are available.	magenta don't are available.
contradiction	All fruits are healthy.	apple don't are healthy.
contradiction	All fruits are healthy.	mango don't are healthy.
contradiction	All mammals give birth to young ones.	bat don't give birth to young ones.
contradiction	All colors are available.	yellow don't are available.
contradiction	All colors are available.	red don't are available.
contradiction	All fruits are healthy.	apple don't are healthy.
contradiction	All colors are available.	green don't are available.
contradiction	All mammals give birth to young ones.	rabbit don't give birth to young ones.
contradiction	All mammals give birth to young ones.	rat don't give birth to young ones.
contradiction	All fruits are healthy.	strawberry don't are healthy.
contradiction	All colors are available.	crimson don't are available.
contradiction	All cars are costly.	Benz don't are costly.
contradiction	All colors are available.	yellow don't are available.
contradiction	All fruits are healthy.	peach don't are healthy.
contradiction	All mammals give birth to young ones.	rat don't give birth to young ones.
contradiction	All fruits are healthy.	strawberry don't are healthy.
contradiction	All fruits are healthy.	apple don't are healthy.
contradiction	All colors are available.	green don't are available.
contradiction	All fruits are healthy.	peach don't are healthy.
contradiction	All cars are costly.	Ferrari don't are costly.
contradiction	All mammals give birth to young ones.	cow don't give birth to young ones.
contradiction	All cars are costly.	Benz don't are costly.
contradiction	All colors are available.	grey don't are available.
contradiction	All colors are available.	pink don't are available.
contradiction	All cars are costly.	Benz don't are costly.
contradiction	All mammals give birth to young ones.	kangaroo don't give birth to young ones.
contradiction	All colors are available.	blue don't are available.
contradiction	All mammals give birth to young ones.	kangaroo don't give birth to young ones.
contradiction	All cars are costly.	Fiat don't are costly.
contradiction	All cars are costly.	BMW don't are costly.
contradiction	All colors are available.	grey don't are available.
contradiction	All cars are costly.	Toyota don't are costly.
contradiction	All mammals give birth to young ones.	rabbit don't give birth to young ones.
contradiction	All fruits are healthy.	apple don't are healthy.
contradiction	All colors are available.	pink don't are available.
contradiction	All colors are available.	crimson don't are available.
contradiction	All mammals give birth to young ones.	rat don't give birth to young ones.
contradiction	All fruits are healthy.	cherry don't are healthy.
contradiction	All fruits are healthy.	strawberry don't are healthy.
contradiction	All colors are available.	crimson don't are available.
contradiction	All cars are costly.	Fiat don't are costly.
contradiction	All colors are available.	white don't are available.
contradiction	All cars are costly.	BMW don't are costly.
contradiction	All mammals give birth to young ones.	rat don't give birth to young ones.
contradiction	All mammals give birth to young ones.	elephant don't give birth to young ones.
contradiction	All colors are available.	yellow don't are available.
contradiction	All mammals give birth to young ones.	kangaroo don't give birth to young ones.
contradiction	All colors are available.	pink don't are available.
contradiction	All cars are costly.	Benz don't are costly.
contradiction	All fruits are healthy.	banana don't are healthy.
contradiction	All colors are available.	blue don't are available.
contradiction	All colors are available.	white don't are available.
contradiction	All fruits are healthy.	mango don't are healthy.
contradiction	All cars are costly.	Benz don't are costly.
contradiction	All fruits are healthy.	apple don't are healthy.
contradiction	All fruits are healthy.	strawberry don't are healthy.
contradiction	All fruits are healthy.	mango don't are healthy.
contradiction	All colors are available.	grey don't are available.
contradiction	All cars are costly.	BMW don't are costly.
contradiction	All fruits are healthy.	mango don't are healthy.
contradiction	All colors are available.	crimson don't are available.
contradiction	All fruits are healthy.	peach don't are healthy.
contradiction	All colors are available.	crimson don't are available.
contradiction	All colors are available.	pink don't are available.
contradiction	All mammals give birth to young ones.	cow don't give birth to young ones.
contradiction	All colors are available.	grey don't are available.
contradiction	All colors are available.	purple don't are available.
contradiction	All fruits are healthy.	peach don't are healthy.
contradiction	All mammals give birth to young ones.	bat don't give birth to young ones.
contradiction	All cars are costly.	Rolls Royce don't are costly.
contradiction	All mammals give birth to young ones.	kangaroo don't give birth to young ones.
contradiction	All colors are available.	white don't are available.
contradiction	All cars are costly.	Toyota don't are costly.
contradiction	All fruits are healthy.	banana don't are healthy.
contradiction	All colors are available.	black don't are available.
contradiction	All cars are costly.	Fiat don't are costly.
contradiction	All colors are available.	pink don't are available.
contradiction	All colors are available.	black don't are available.
contradiction	All mammals give birth to young ones.	kangaroo don't give birth to young ones.
contradiction	All cars are costly.	BMW don't are costly.
contradiction	All fruits are healthy.	peach don't are healthy.
contradiction	All mammals give birth to young ones.	bat don't give birth to young ones.
contradiction	All cars are costly.	Rolls Royce don't are costly.
contradiction	All cars are costly.	Ferrari don't are costly.
contradiction	All colors are available.	purple don't are available.
contradiction	All colors are available.	white don't are available.
contradiction	All cars are costly.	Fiat don't are costly.
contradiction	All cars are costly.	BMW don't are costly.
contradiction	All fruits are healthy.	mango don't are healthy.
contradiction	All mammals give birth to young ones.	elephant don't give birth to young ones.
contradiction	All mammals give birth to young ones.	rat don't give birth to young ones.
contradiction	All mammals give birth to young ones.	elephant don't give birth to young ones.
contradiction	All colors are available.	magenta don't are available.
contradiction	All fruits are healthy.	mango don't are healthy.
contradiction	All cars are costly.	BMW don't are costly.
contradiction	All mammals give birth to young ones.	elephant don't give birth to young ones.
contradiction	All colors are available.	yellow don't are available.
contradiction	All fruits are healthy.	banana don't are healthy.
contradiction	All colors are available.	green don't are available.
contradiction	All cars are costly.	Ferrari don't are costly.
contradiction	All fruits are healthy.	banana don't are healthy.
contradiction	All mammals give birth to young ones.	rat don't give birth to young ones.
contradiction	All cars are costly.	BMW don't are costly.
contradiction	All colors are available.	pink don't are available.
contradiction	All mammals give birth to young ones.	dolphin don't give birth to young ones.
contradiction	All mammals give birth to young ones.	dolphin don't give birth to young ones.
contradiction	All colors are available.	grey don't are available.
contradiction	All cars are costly.	Rolls Royce don't are costly.
contradiction	All mammals give birth to young ones.	elephant don't give birth to young ones.
contradiction	All colors are available.	red don't are available.
contradiction	All colors are available.	purple don't are available.
contradiction	All fruits are healthy.	cherry don't are healthy.
contradiction	All colors are available.	magenta don't are available.
contradiction	All fruits are healthy.	banana don't are healthy.
contradiction	All colors are available.	magenta don't are available.
contradiction	All colors are available.	crimson don't are available.
contradiction	All colors are available.	purple don't are available.
contradiction	All colors are available.	grey don't are available.
contradiction	All fruits are healthy.	peach don't are healthy.
contradiction	All colors are available.	red don't are available.
contradiction	All fruits are healthy.	apple don't are healthy.
contradiction	All colors are available.	yellow don't are available.
contradiction	All fruits are healthy.	cherry don't are healthy.
contradiction	All fruits are healthy.	cherry don't are healthy.
contradiction	All mammals give birth to young ones.	rabbit don't give birth to young ones.
contradiction	All mammals give birth to young ones.	rat don't give birth to young ones.
contradiction	All mammals give birth to young ones.	bat don't give birth to young ones.
contradiction	All colors are available.	red don't are available.
contradiction	All mammals give birth to young ones.	rabbit don't give birth to young ones.
contradiction	All colors are available.	magenta don't are available.
contradiction	All colors are available.	crimson don't are available.
contradiction	All cars are costly.	BMW don't are costly.
contradiction	All fruits are healthy.	banana don't are healthy.
contradiction	All colors are available.	pink don't are available.
contradiction	All mammals give birth to young ones.	bat don't give birth to young ones.
contradiction	All fruits are healthy.	cherry don't are healthy.
contradiction	All fruits are healthy.	apple don't are healthy.
contradiction	All colors are available.	green don't are available.
contradiction	All mammals give birth to young ones.	kangaroo don't give birth to young ones.
contradiction	All cars are costly.	Renault don't are costly.
contradiction	All fruits are healthy.	apple don't are healthy.
contradiction	All colors are available.	crimson don't are available.
contradiction	All colors are available.	white don't are available.
contradiction	All cars are costly.	Rolls Royce don't are costly.
contradiction	All fruits are healthy.	banana don't are healthy.
contradiction	All fruits are healthy.	cherry don't are healthy.
contradiction	All colors are available.	black don't are available.
contradiction	All colors are available.	grey don't are available.
contradiction	All colors are available.	blue don't are available.
contradiction	All mammals give birth to young ones.	cow don't give birth to young ones.
contradiction	All colors are available.	red don't are available.
contradiction	All cars are costly.	Rolls Royce don't are costly.
contradiction	All colors are available.	purple don't are available.
contradiction	All fruits are healthy.	banana don't are healthy.
contradiction	All mammals give birth to young ones.	dolphin don't give birth to young ones.
contradiction	All cars are costly.	Benz don't are costly.
contradiction	All colors are available.	white don't are available.
contradiction	All colors are available.	pink don't are available.
contradiction	All mammals give birth to young ones.	elephant don't give birth to young ones.
contradiction	All mammals give birth to young ones.	dolphin don't give birth to young ones.
contradiction	All mammals give birth to young ones.	rat don't give birth to young ones.
contradiction	All cars are costly.	Benz don't are costly.
contradiction	All colors are available.	red don't are available.
contradiction	All fruits are healthy.	mango don't are healthy.
contradiction	All fruits are healthy.	mango don't are healthy.
contradiction	All fruits are healthy.	peach don't are healthy.
contradiction	All mammals give birth to young ones.	kangaroo don't give birth to young ones.
contradiction	All mammals give birth to young ones.	cow don't give birth to young ones.
contradiction	All mammals give birth to young ones.	dolphin don't give birth to young ones.
contradiction	All cars are costly.	Fiat don't are costly.
contradiction	All cars are costly.	Renault don't are costly.
contradiction	All colors are available.	blue don't are available.
contradiction	All cars are costly.	Rolls Royce don't are costly.
contradiction	All cars are costly.	Rolls Royce don't are costly.
contradiction	All cars are costly.	Benz don't are costly.
contradiction	All colors are available.	grey don't are available.
contradiction	All cars are costly.	BMW don't are costly.
contradiction	All mammals give birth to young ones.	dolphin don't give birth to young ones.
contradiction	All fruits are healthy.	cherry don't are healthy.
contradiction	All mammals give birth to young ones.	rat don't give birth to young ones.
contradiction	All cars are costly.	Toyota don't are costly.
contradiction	All colors are available.	pink don't are available.
contradiction	All cars are costly.	Ferrari don't are costly.
contradiction	All mammals give birth to young ones.	kangaroo don't give birth to young ones.
contradiction	All mammals give birth to young ones.	bat don't give birth to young ones.
contradiction	All fruits are healthy.	cherry don't are healthy.
